<DataBase>
  <Device>
    <ChipInfo Vendor="LinkedSemi" Name="LE501X" Core="JLINK_CORE_CORTEX_M0" WorkRAMAddr="0x20000000" WorkRAMSize="0xc000" JLinkScriptFile="LinkedSemi/LE501X.jlinkscript"/>
    <FlashBankInfo Name="QSPI Flash" BaseAddr="0x18000000" MaxSize="0x80000" Loader="LinkedSemi/le501x_flash_algo.elf" LoaderType="FLASH_ALGO_TYPE_OPEN" />
  </Device>
  <Device>
    <ChipInfo Vendor="LinkedSemi" Name="SAGI" Core="JLINK_CORE_CORTEX_M3" WorkRAMAddr="0x00400000" WorkRAMSize="0x10000"/>
    <FlashBankInfo Name="QSPI Flash" BaseAddr="0x00800000" MaxSize="0x80000" Loader="LinkedSemi/sagi_flash_algo.elf" LoaderType="FLASH_ALGO_TYPE_OPEN" />
  </Device>
</DataBase>